<?xml version='1.0' encoding='UTF-8'?>
<osm version='0.6' upload='true' generator='JOSM'>
  <node id='-752' action='modify' visible='true' lat='59.15395126183815' lon='17.660750853931493' />
  <node id='-750' action='modify' visible='true' lat='59.15388578022309' lon='17.660490157798215' />
  <node id='-748' action='modify' visible='true' lat='59.15391583531954' lon='17.66078966916781' />
  <node id='-746' action='modify' visible='true' lat='59.15384487699336' lon='17.66050122312161' />
  <node id='-744' action='modify' visible='true' lat='59.15387869653098' lon='17.660821376960133' />
  <node id='-742' action='modify' visible='true' lat='59.15381339693788' lon='17.660551572351658'>
    <tag k='destination' v='stop' />
  </node>
  <node id='-740' action='modify' visible='true' lat='59.15405459898721' lon='17.66160211026103' />
  <node id='-738' action='modify' visible='true' lat='59.154050424060294' lon='17.661621884953302' />
  <node id='-736' action='modify' visible='true' lat='59.15404386345981' lon='17.66163991481978' />
  <node id='-734' action='modify' visible='true' lat='59.15403700464891' lon='17.6616521286003' />
  <node id='-732' action='modify' visible='true' lat='59.1538050985436' lon='17.66000502139636' />
  <node id='-730' action='modify' visible='true' lat='59.153764966912156' lon='17.659991117262948' />
  <node id='-728' action='modify' visible='true' lat='59.15373142535692' lon='17.659956297077347' />
  <node id='-726' action='modify' visible='true' lat='59.15371532766318' lon='17.660038569121777' />
  <node id='-724' action='modify' visible='true' lat='59.15371477978794' lon='17.66016862132195' />
  <node id='-722' action='modify' visible='true' lat='59.15370376705749' lon='17.660160485304072' />
  <node id='-720' action='modify' visible='true' lat='59.154134673694834' lon='17.661466541124867' />
  <node id='-718' action='modify' visible='true' lat='59.1541295403839' lon='17.661574235686775' />
  <node id='-716' action='modify' visible='true' lat='59.15410329355221' lon='17.661651748690282' />
  <node id='-714' action='modify' visible='true' lat='59.15414721496602' lon='17.66146003979426' />
  <node id='-712' action='modify' visible='true' lat='59.15411733710127' lon='17.661576692763386' />
  <node id='-710' action='modify' visible='true' lat='59.15415041731794' lon='17.661649197435878' />
  <node id='-708' action='modify' visible='true' lat='59.15407109005512' lon='17.66162635083967' />
  <node id='-706' action='modify' visible='true' lat='59.15405703204599' lon='17.66158018439895' />
  <node id='-704' action='modify' visible='true' lat='59.15372377675772' lon='17.66019127523884' />
  <node id='-702' action='modify' visible='true' lat='59.15434452689975' lon='17.660977153763078' />
  <node id='-700' action='modify' visible='true' lat='59.15438582498074' lon='17.660968105661556' />
  <node id='-698' action='modify' visible='true' lat='59.15442641364579' lon='17.66095742489838' />
  <node id='-696' action='modify' visible='true' lat='59.15352627332172' lon='17.660363273116698' />
  <node id='-694' action='modify' visible='true' lat='59.153484031145574' lon='17.660342375297358' />
  <node id='-692' action='modify' visible='true' lat='59.153446412339115' lon='17.660307289152062' />
  <node id='-690' action='modify' visible='true' lat='59.15371065249704' lon='17.659993024573968' />
  <node id='-688' action='modify' visible='true' lat='59.153746501263115' lon='17.660005340261172' />
  <node id='-686' action='modify' visible='true' lat='59.15370802590836' lon='17.6600708672953' />
  <node id='-684' action='modify' visible='true' lat='59.153729704842505' lon='17.6600779612969' />
  <node id='-682' action='modify' visible='true' lat='59.15364034946908' lon='17.660039033665836' />
  <node id='-680' action='modify' visible='true' lat='59.1536513713474' lon='17.660110094287447' />
  <node id='-678' action='modify' visible='true' lat='59.15368159336218' lon='17.660172299471174' />
  <node id='-676' action='modify' visible='true' lat='59.1541475108461' lon='17.66156325301325' />
  <node id='-674' action='modify' visible='true' lat='59.1541412195099' lon='17.661465627554392' />
  <node id='-672' action='modify' visible='true' lat='59.15328325691861' lon='17.661039254808003' />
  <node id='-670' action='modify' visible='true' lat='59.15318641767149' lon='17.66128794889647' />
  <node id='-668' action='modify' visible='true' lat='59.153266601188456' lon='17.661168279772' />
  <node id='-666' action='modify' visible='true' lat='59.153264304440164' lon='17.661116540888912' />
  <node id='-664' action='modify' visible='true' lat='59.15324843364112' lon='17.66087511757945' />
  <node id='-662' action='modify' visible='true' lat='59.153196705217134' lon='17.660859505416113' />
  <node id='-660' action='modify' visible='true' lat='59.15314293551967' lon='17.660848570610536' />
  <node id='-658' action='modify' visible='true' lat='59.153098839125306' lon='17.660885861408946' />
  <node id='-656' action='modify' visible='true' lat='59.15307887923794' lon='17.660921689733986' />
  <node id='-654' action='modify' visible='true' lat='59.153060783370414' lon='17.661027425812392' />
  <node id='-652' action='modify' visible='true' lat='59.15306955037821' lon='17.66114709389983' />
  <node id='-650' action='modify' visible='true' lat='59.15311454607482' lon='17.66123449994219' />
  <node id='-648' action='modify' visible='true' lat='59.15318922513675' lon='17.660930526469656' />
  <node id='-646' action='modify' visible='true' lat='59.15315126581023' lon='17.660922014684548' />
  <node id='-644' action='modify' visible='true' lat='59.15322563771748' lon='17.660986962656754' />
  <node id='-642' action='modify' visible='true' lat='59.153100823428346' lon='17.660993704996372' />
  <node id='-640' action='modify' visible='true' lat='59.15309659551817' lon='17.66106609372896' />
  <node id='-638' action='modify' visible='true' lat='59.153110613504566' lon='17.66114294602172' />
  <node id='-636' action='modify' visible='true' lat='59.15314187913754' lon='17.661183856990124' />
  <node id='-634' action='modify' visible='true' lat='59.15311119577288' lon='17.660962445447577' />
  <node id='-632' action='modify' visible='true' lat='59.15320285297428' lon='17.661172599449277' />
  <node id='-630' action='modify' visible='true' lat='59.15322502059715' lon='17.661110300135732' />
  <node id='-628' action='modify' visible='true' lat='59.15319546429696' lon='17.66109343816411' />
  <node id='-626' action='modify' visible='true' lat='59.153180778754' lon='17.661121275003303' />
  <node id='-624' action='modify' visible='true' lat='59.15312416809236' lon='17.661048415422957' />
  <node id='-622' action='modify' visible='true' lat='59.15313181286463' lon='17.661100015192012' />
  <node id='-620' action='modify' visible='true' lat='59.15314753854103' lon='17.661120137670302' />
  <node id='-618' action='modify' visible='true' lat='59.153169254977506' lon='17.661127022106655' />
  <node id='-616' action='modify' visible='true' lat='59.15320055181548' lon='17.661022925552594' />
  <node id='-614' action='modify' visible='true' lat='59.15317860477388' lon='17.660980302864605' />
  <node id='-612' action='modify' visible='true' lat='59.153144622731325' lon='17.660987069708774' />
  <node id='-610' action='modify' visible='true' lat='59.153130806889884' lon='17.661009301936744' />
  <node id='-608' action='modify' visible='true' lat='59.15391197405499' lon='17.660807597643558'>
    <tag k='origin' v='true' />
  </node>
  <node id='-606' action='modify' visible='true' lat='59.15362723533013' lon='17.66013520655584' />
  <node id='-604' action='modify' visible='true' lat='59.153541169991016' lon='17.660786908938547' />
  <node id='-602' action='modify' visible='true' lat='59.153559951073966' lon='17.660752670910338' />
  <node id='-600' action='modify' visible='true' lat='59.15357005890177' lon='17.660714610986997' />
  <node id='-598' action='modify' visible='true' lat='59.153567666028934' lon='17.66067288711834' />
  <node id='-596' action='modify' visible='true' lat='59.153555384266845' lon='17.66061599458842' />
  <node id='-594' action='modify' visible='true' lat='59.153532739254146' lon='17.660548084357142' />
  <node id='-592' action='modify' visible='true' lat='59.153493085044396' lon='17.660415505084526' />
  <node id='-590' action='modify' visible='true' lat='59.153433083305' lon='17.660847190285356' />
  <node id='-588' action='modify' visible='true' lat='59.153395424980175' lon='17.661519778383774' />
  <node id='-586' action='modify' visible='true' lat='59.15332791771445' lon='17.661330518059874' />
  <node id='-584' action='modify' visible='true' lat='59.15331221752969' lon='17.661299898041847' />
  <node id='-582' action='modify' visible='true' lat='59.15329958334726' lon='17.66129471559007' />
  <node id='-580' action='modify' visible='true' lat='59.15327412231993' lon='17.661293599435897' />
  <node id='-578' action='modify' visible='true' lat='59.15325407400555' lon='17.66127237193895' />
  <node id='-576' action='modify' visible='true' lat='59.15375311846254' lon='17.662183935772507' />
  <node id='-574' action='modify' visible='true' lat='59.153699670172365' lon='17.66222061506625' />
  <node id='-572' action='modify' visible='true' lat='59.15365186319279' lon='17.66221621496945' />
  <node id='-570' action='modify' visible='true' lat='59.153602540472086' lon='17.662133762282554' />
  <node id='-568' action='modify' visible='true' lat='59.1541085518696' lon='17.661660841066055' />
  <node id='-566' action='modify' visible='true' lat='59.15437972887464' lon='17.661024126484342' />
  <node id='-564' action='modify' visible='true' lat='59.15436230822819' lon='17.661083585311264' />
  <node id='-562' action='modify' visible='true' lat='59.15434263655261' lon='17.661153343057908' />
  <node id='-560' action='modify' visible='true' lat='59.1542721512287' lon='17.661311075328314' />
  <node id='-558' action='modify' visible='true' lat='59.154271478556446' lon='17.660746721210526' />
  <node id='-556' action='modify' visible='true' lat='59.154283941034976' lon='17.66076692464056' />
  <node id='-554' action='modify' visible='true' lat='59.15444404012169' lon='17.660052429376808' />
  <node id='-552' action='modify' visible='true' lat='59.15442314462094' lon='17.66013903109936' />
  <node id='-550' action='modify' visible='true' lat='59.15430919734883' lon='17.660525854303106' />
  <node id='-548' action='modify' visible='true' lat='59.154272256686724' lon='17.66067171191542' />
  <node id='-546' action='modify' visible='true' lat='59.15421554481852' lon='17.659382757154816' />
  <node id='-544' action='modify' visible='true' lat='59.15428919729988' lon='17.659557332878876' />
  <node id='-542' action='modify' visible='true' lat='59.153502408859275' lon='17.660282153554835' />
  <node id='-540' action='modify' visible='true' lat='59.15350559927356' lon='17.660808179903885' />
  <node id='-538' action='modify' visible='true' lat='59.15354725944449' lon='17.66195935533034' />
  <node id='-536' action='modify' visible='true' lat='59.15378452975287' lon='17.662140691909855' />
  <node id='-534' action='modify' visible='true' lat='59.15417933992979' lon='17.661514554836323' />
  <node id='-532' action='modify' visible='true' lat='59.15438011497866' lon='17.66090811742514' />
  <node id='-530' action='modify' visible='true' lat='59.15426790635039' lon='17.66071213597254' />
  <node id='-528' action='modify' visible='true' lat='59.154120263723506' lon='17.65934834400544' />
  <node id='-526' action='modify' visible='true' lat='59.15432360778768' lon='17.65965251759791' />
  <node id='-524' action='modify' visible='true' lat='59.15342192520066' lon='17.660780530707157' />
  <node id='-522' action='modify' visible='true' lat='59.15413159802314' lon='17.66171500470167' />
  <node id='-520' action='modify' visible='true' lat='59.154305649768176' lon='17.660720378486364' />
  <node id='-518' action='modify' visible='true' lat='59.15431315096449' lon='17.660740784607842' />
  <node id='-516' action='modify' visible='true' lat='59.15350442318851' lon='17.660738088727456' />
  <node id='-514' action='modify' visible='true' lat='59.15351833802852' lon='17.660715271378134' />
  <node id='-512' action='modify' visible='true' lat='59.153524678368036' lon='17.660689937938407' />
  <node id='-510' action='modify' visible='true' lat='59.15352420749609' lon='17.660654304379612' />
  <node id='-508' action='modify' visible='true' lat='59.15351395370446' lon='17.66062155563811' />
  <node id='-506' action='modify' visible='true' lat='59.15350193553386' lon='17.660584182844552' />
  <node id='-504' action='modify' visible='true' lat='59.15345580743255' lon='17.660429959016273' />
  <node id='-502' action='modify' visible='true' lat='59.1536085619871' lon='17.660075168172117' />
  <node id='-500' action='modify' visible='true' lat='59.15376564941155' lon='17.65986266321724' />
  <node id='-498' action='modify' visible='true' lat='59.15336576742484' lon='17.661559352244307' />
  <node id='-496' action='modify' visible='true' lat='59.153306662045715' lon='17.66139272311096' />
  <node id='-494' action='modify' visible='true' lat='59.15328586277497' lon='17.661365013762683' />
  <node id='-492' action='modify' visible='true' lat='59.15327218438411' lon='17.661359716118437' />
  <node id='-490' action='modify' visible='true' lat='59.15325566563025' lon='17.66135232663114' />
  <node id='-488' action='modify' visible='true' lat='59.153230648025406' lon='17.661329214069774' />
  <node id='-486' action='modify' visible='true' lat='59.154415599512916' lon='17.661042951542157' />
  <node id='-484' action='modify' visible='true' lat='59.1543936609061' lon='17.661117830801068' />
  <node id='-482' action='modify' visible='true' lat='59.15437156315657' lon='17.661196191720364' />
  <node id='-480' action='modify' visible='true' lat='59.15429930154532' lon='17.661357313178215' />
  <node id='-478' action='modify' visible='true' lat='59.15423452175338' lon='17.659318337578817' />
  <node id='-476' action='modify' visible='true' lat='59.154314522491184' lon='17.659510003462124' />
  <node id='-474' action='modify' visible='true' lat='59.15376894289743' lon='17.66224793524498' />
  <node id='-472' action='modify' visible='true' lat='59.15371401678834' lon='17.662293725361067' />
  <node id='-470' action='modify' visible='true' lat='59.153639315625995' lon='17.662287541962698' />
  <node id='-468' action='modify' visible='true' lat='59.153574913202156' lon='17.662179880631502'>
    <tag k='destination' v='stop' />
  </node>
  <node id='-466' action='modify' visible='true' lat='59.15448119115409' lon='17.660063044613555' />
  <node id='-464' action='modify' visible='true' lat='59.15445721969543' lon='17.660162394793918' />
  <node id='-462' action='modify' visible='true' lat='59.154344214701325' lon='17.660541589358726' />
  <node id='-460' action='modify' visible='true' lat='59.154307437097735' lon='17.660666941619333' />
  <node id='-458' action='modify' visible='true' lat='59.15347241460828' lon='17.660757115414405' />
  <node id='-456' action='modify' visible='true' lat='59.153469309678584' lon='17.66023684671931' />
  <node id='-454' action='modify' visible='true' lat='59.15441615979153' lon='17.66087460970324' />
  <node id='-452' action='modify' visible='true' lat='59.15419142537483' lon='17.66159832074768' />
  <node id='-450' action='modify' visible='true' lat='59.15410684714913' lon='17.659272224700036'>
    <tag k='destination' v='stop' />
  </node>
  <node id='-448' action='modify' visible='true' lat='59.15380508494622' lon='17.662198178530296' />
  <node id='-446' action='modify' visible='true' lat='59.153517064388716' lon='17.661997372686987' />
  <node id='-444' action='modify' visible='true' lat='59.15430195175725' lon='17.660698327853197' />
  <node id='-442' action='modify' visible='true' lat='59.153582851694416' lon='17.660829343235402' />
  <node id='-440' action='modify' visible='true' lat='59.15359961537919' lon='17.660801383408174' />
  <node id='-438' action='modify' visible='true' lat='59.153609125564785' lon='17.660747682704933' />
  <node id='-436' action='modify' visible='true' lat='59.15360940599057' lon='17.660681049006154' />
  <node id='-434' action='modify' visible='true' lat='59.15360036318152' lon='17.66063047341775' />
  <node id='-432' action='modify' visible='true' lat='59.15356738061893' lon='17.66050743570393' />
  <node id='-430' action='modify' visible='true' lat='59.15353382297737' lon='17.660401577620107' />
  <node id='-428' action='modify' visible='true' lat='59.153445643936045' lon='17.660922176258577' />
  <node id='-426' action='modify' visible='true' lat='59.15356275771484' lon='17.66085605819914' />
  <node id='-424' action='modify' visible='true' lat='59.15342878394843' lon='17.661475243242837' />
  <node id='-422' action='modify' visible='true' lat='59.1533590473471' lon='17.661279732670426' />
  <node id='-420' action='modify' visible='true' lat='59.153336164993846' lon='17.661235105257155' />
  <node id='-418' action='modify' visible='true' lat='59.153320910083146' lon='17.66122022945273' />
  <node id='-416' action='modify' visible='true' lat='59.15328713132816' lon='17.661218104337813' />
  <node id='-414' action='modify' visible='true' lat='59.15327284296193' lon='17.661200894791655' />
  <node id='-412' action='modify' visible='true' lat='59.15373532369773' lon='17.662111932270527' />
  <node id='-410' action='modify' visible='true' lat='59.153702531157776' lon='17.66214347780442' />
  <node id='-408' action='modify' visible='true' lat='59.15366598041103' lon='17.66213597520123' />
  <node id='-406' action='modify' visible='true' lat='59.15363362016248' lon='17.662081878607147' />
  <node id='-404' action='modify' visible='true' lat='59.15358122731423' lon='17.661916583458552' />
  <node id='-402' action='modify' visible='true' lat='59.1540826287983' lon='17.661599903448394' />
  <node id='-400' action='modify' visible='true' lat='59.1537615200139' lon='17.662075867874467' />
  <node id='-398' action='modify' visible='true' lat='59.15433937482915' lon='17.661002952091803' />
  <node id='-396' action='modify' visible='true' lat='59.15432704736162' lon='17.66104502722053' />
  <node id='-394' action='modify' visible='true' lat='59.15431009708654' lon='17.66110513454729' />
  <node id='-392' action='modify' visible='true' lat='59.154241608577074' lon='17.661259056867227' />
  <node id='-390' action='modify' visible='true' lat='59.15416004893545' lon='17.66143821493313' />
  <node id='-388' action='modify' visible='true' lat='59.154226245966356' lon='17.660741802453934' />
  <node id='-386' action='modify' visible='true' lat='59.15423605243597' lon='17.660784304752283'>
    <tag k='destination' v='stop' />
  </node>
  <node id='-384' action='modify' visible='true' lat='59.15433956499939' lon='17.66094581348602' />
  <node id='-382' action='modify' visible='true' lat='59.154402246004786' lon='17.660040482461287' />
  <node id='-380' action='modify' visible='true' lat='59.15438481236376' lon='17.660112736368486' />
  <node id='-378' action='modify' visible='true' lat='59.154269796663144' lon='17.660508209508695' />
  <node id='-376' action='modify' visible='true' lat='59.154237780320855' lon='17.66063254134172' />
  <node id='-374' action='modify' visible='true' lat='59.1542282325648' lon='17.660690306174' />
  <node id='-372' action='modify' visible='true' lat='59.15419419599214' lon='17.659455227677395' />
  <node id='-370' action='modify' visible='true' lat='59.1542623503151' lon='17.659616992592728' />
  <node id='-368' action='modify' visible='true' lat='59.15353964318498' lon='17.660333124456326' />
  <node id='-366' action='modify' visible='true' lat='59.15364824271176' lon='17.66020274830737' />
  <node id='-364' action='modify' visible='true' lat='59.154135357060326' lon='17.65943397652822' />
  <node id='-362' action='modify' visible='true' lat='59.15416027911798' lon='17.659245823365467' />
  <node id='-360' action='modify' visible='true' lat='59.15416840940072' lon='17.659335488708056' />
  <node id='-358' action='modify' visible='true' lat='59.154156522864106' lon='17.659415138894705' />
  <node id='-356' action='modify' visible='true' lat='59.15412787665009' lon='17.661465004008683' />
  <node id='-354' action='modify' visible='true' lat='59.15375377889583' lon='17.660112105119836' />
  <node id='-352' action='modify' visible='true' lat='59.153823513064054' lon='17.65996942706851' />
  <node id='-350' action='modify' visible='true' lat='59.15379305917153' lon='17.660043826622417' />
  <node id='-348' action='modify' visible='true' lat='59.153788041742686' lon='17.660078926279674' />
  <node id='-346' action='modify' visible='true' lat='59.15379655104729' lon='17.659914260380273' />
  <node id='-344' action='modify' visible='true' lat='59.15375625764041' lon='17.66003372232903' />
  <node id='-342' action='modify' visible='true' lat='59.15417978058679' lon='17.66139631045433' />
  <node id='-340' action='modify' visible='true' lat='59.154211164674905' lon='17.661447139755275' />
  <node id='-338' action='modify' visible='true' lat='59.154241675435586' lon='17.661483542632592' />
  <node id='-336' action='modify' visible='true' lat='59.154133233051404' lon='17.66152752961827' />
  <node id='-334' action='modify' visible='true' lat='59.154134640386154' lon='17.66157414219001' />
  <node id='-332' action='modify' visible='true' lat='59.154132953464945' lon='17.66164981391636' />
  <node id='-330' action='modify' visible='true' lat='59.154122831935894' lon='17.661709035267418' />
  <node id='-328' action='modify' visible='true' lat='59.15406481643638' lon='17.6618040854612' />
  <node id='-326' action='modify' visible='true' lat='59.15402169852432' lon='17.661681178962205'>
    <tag k='destination' v='stop' />
  </node>
  <node id='-324' action='modify' visible='true' lat='59.15404373906948' lon='17.661747295581634' />
  <node id='-322' action='modify' visible='true' lat='59.1540971729884' lon='17.66155743031378' />
  <node id='-320' action='modify' visible='true' lat='59.15408549168184' lon='17.661673670021024' />
  <node id='-318' action='modify' visible='true' lat='59.154093470686554' lon='17.661637969360868' />
  <node id='-316' action='modify' visible='true' lat='59.154096857068915' lon='17.661611395809878' />
  <node id='-314' action='modify' visible='true' lat='59.15409768399184' lon='17.66159219764718' />
  <node id='-312' action='modify' visible='true' lat='59.15345229903572' lon='17.660276743008883' />
  <node id='-310' action='modify' visible='true' lat='59.153446125077615' lon='17.66037746550465' />
  <node id='-308' action='modify' visible='true' lat='59.15348466815963' lon='17.660368390531495' />
  <node id='-306' action='modify' visible='true' lat='59.15348797178829' lon='17.660313504475997' />
  <node id='-304' action='modify' visible='true' lat='59.153534148910815' lon='17.66034123674437' />
  <node id='-302' action='modify' visible='true' lat='59.15352933345632' lon='17.660384738708316' />
  <node id='-300' action='modify' visible='true' lat='59.15345944440631' lon='17.660256794579933' />
  <node id='-298' action='modify' visible='true' lat='59.15344349849706' lon='17.660345980099628'>
    <tag k='destination' v='stop' />
  </node>
  <node id='-296' action='modify' visible='true' lat='59.15349460230841' lon='17.660294277167246' />
  <node id='-294' action='modify' visible='true' lat='59.15348708403007' lon='17.66039222281286' />
  <node id='-292' action='modify' visible='true' lat='59.153529599283395' lon='17.660350690845465' />
  <node id='-290' action='modify' visible='true' lat='59.153527897679275' lon='17.66037517914567' />
  <node id='-288' action='modify' visible='true' lat='59.15326699235828' lon='17.66108322978422' />
  <node id='-286' action='modify' visible='true' lat='59.153263764764155' lon='17.661138221435635' />
  <node id='-284' action='modify' visible='true' lat='59.15326755638411' lon='17.661064204714183' />
  <node id='-282' action='modify' visible='true' lat='59.15323074118299' lon='17.661034357454707' />
  <node id='-280' action='modify' visible='true' lat='59.153230127178695' lon='17.661072224505485' />
  <node id='-278' action='modify' visible='true' lat='59.153216065675785' lon='17.661140584615328' />
  <node id='-276' action='modify' visible='true' lat='59.15320028719672' lon='17.661077958826624' />
  <node id='-274' action='modify' visible='true' lat='59.153188080030766' lon='17.66110998550589' />
  <node id='-272' action='modify' visible='true' lat='59.153202728539064' lon='17.66104832556094' />
  <node id='-270' action='modify' visible='true' lat='59.15367441847638' lon='17.662228575618435' />
  <node id='-268' action='modify' visible='true' lat='59.15367446175275' lon='17.662306238965485' />
  <node id='-266' action='modify' visible='true' lat='59.15368531786876' lon='17.662143742096564' />
  <node id='-264' action='modify' visible='true' lat='59.15372024849103' lon='17.66213266970273' />
  <node id='-262' action='modify' visible='true' lat='59.153725771523945' lon='17.662205962085693' />
  <node id='-260' action='modify' visible='true' lat='59.153737857655365' lon='17.662276271803634' />
  <node id='-258' action='modify' visible='true' lat='59.15360632930413' lon='17.662251246433833' />
  <node id='-256' action='modify' visible='true' lat='59.15362405196538' lon='17.662191072510755' />
  <node id='-254' action='modify' visible='true' lat='59.15364940215746' lon='17.662119770073996' />
  <node id='-252' action='modify' visible='true' lat='59.15420926455126' lon='17.659272695725157' />
  <node id='-250' action='modify' visible='true' lat='59.15419635850661' lon='17.659356104495394' />
  <node id='-248' action='modify' visible='true' lat='59.154182102206725' lon='17.659433114999924' />
  <node id='-246' action='modify' visible='true' lat='59.15413686480444' lon='17.65925089512459' />
  <node id='-244' action='modify' visible='true' lat='59.15414488282124' lon='17.65933590365186' />
  <node id='-242' action='modify' visible='true' lat='59.154145841111166' lon='17.659422396207553' />
  <node id='-240' action='modify' visible='true' lat='59.15418989487198' lon='17.659256570153122' />
  <node id='-238' action='modify' visible='true' lat='59.15418508827395' lon='17.65934468272664' />
  <node id='-236' action='modify' visible='true' lat='59.15417191357571' lon='17.659420873686287' />
  <node id='-234' action='modify' visible='true' lat='59.154484989317716' lon='17.659977626549175' />
  <node id='-232' action='modify' visible='true' lat='59.15444885590341' lon='17.659989893419382' />
  <node id='-230' action='modify' visible='true' lat='59.15440616759532' lon='17.659994109721918' />
  <node id='-228' action='modify' visible='true' lat='59.15446937022834' lon='17.66011276640089' />
  <node id='-226' action='modify' visible='true' lat='59.15443357302379' lon='17.66009405910258' />
  <node id='-224' action='modify' visible='true' lat='59.154392875424506' lon='17.660079027045587' />
  <node id='-222' action='modify' visible='true' lat='59.154485935567855' lon='17.660008687090258' />
  <node id='-220' action='modify' visible='true' lat='59.154449336152986' lon='17.660015773346995' />
  <node id='-218' action='modify' visible='true' lat='59.15440629610901' lon='17.660014600877048' />
  <node id='-216' action='modify' visible='true' lat='59.15429154577561' lon='17.659691611074166' />
  <node id='-214' action='modify' visible='true' lat='59.154351515862345' lon='17.659605839749478' />
  <node id='-212' action='modify' visible='true' lat='59.15392377917145' lon='17.660503782850135' />
  <node id='-210' action='modify' visible='true' lat='59.1542859651188' lon='17.659762912325814' />
  <node id='-208' action='modify' visible='true' lat='59.15392163420403' lon='17.6606000958082' />
  <node id='-206' action='modify' visible='true' lat='59.15432098547642' lon='17.659780960749238' />
  <node id='-204' action='modify' visible='true' lat='59.15395624327618' lon='17.660630679969046' />
  <node id='-202' action='modify' visible='true' lat='59.15433014847639' lon='17.65985676177952' />
  <node id='-200' action='modify' visible='true' lat='59.15441347450395' lon='17.659771302696047' />
  <node id='-198' action='modify' visible='true' lat='59.15438789350559' lon='17.65982150743936' />
  <node id='-196' action='modify' visible='true' lat='59.15435211441312' lon='17.65972810326576' />
  <node id='-194' action='modify' visible='true' lat='59.1543592980392' lon='17.65985955304503' />
  <node id='-192' action='modify' visible='true' lat='59.15432218262158' lon='17.65977247024822' />
  <node id='-190' action='modify' visible='true' lat='59.15438314600456' lon='17.659687271086586' />
  <node id='-188' action='modify' visible='true' lat='59.15447823256155' lon='17.659947672511773' />
  <node id='-186' action='modify' visible='true' lat='59.15444191410897' lon='17.65996145750031' />
  <node id='-184' action='modify' visible='true' lat='59.154402374990646' lon='17.659969205524312' />
  <node id='-182' action='modify' visible='true' lat='59.15429437153531' lon='17.659716083131052' />
  <node id='-180' action='modify' visible='true' lat='59.15429359682723' lon='17.659729706803926' />
  <node id='-178' action='modify' visible='true' lat='59.154292888347825' lon='17.659739140292892' />
  <node id='-176' action='modify' visible='true' lat='59.15432859027107' lon='17.659684639803945' />
  <node id='-174' action='modify' visible='true' lat='59.15433113748282' lon='17.65970695515319' />
  <node id='-172' action='modify' visible='true' lat='59.15432986974734' lon='17.659731978217486' />
  <node id='-170' action='modify' visible='true' lat='59.15435821905443' lon='17.65965799379434' />
  <node id='-168' action='modify' visible='true' lat='59.154360788372145' lon='17.65968890274369' />
  <node id='-166' action='modify' visible='true' lat='59.15435969908873' lon='17.659743565915875' />
  <node id='-164' action='modify' visible='true' lat='59.154350098887114' lon='17.65980355361727' />
  <node id='-162' action='modify' visible='true' lat='59.15432676500806' lon='17.65975469625247' />
  <node id='-160' action='modify' visible='true' lat='59.15429052997213' lon='17.659749141428208' />
  <node id='-158' action='modify' visible='true' lat='59.153875175190464' lon='17.66060485443862' />
  <node id='-156' action='modify' visible='true' lat='59.15386660348069' lon='17.660635370123952' />
  <node id='-154' action='modify' visible='true' lat='59.15386338930471' lon='17.660665017637406' />
  <node id='-152' action='modify' visible='true' lat='59.15386132198106' lon='17.660701481702144' />
  <node id='-150' action='modify' visible='true' lat='59.15386239935143' lon='17.66074163102121' />
  <node id='-148' action='modify' visible='true' lat='59.153907474389435' lon='17.660646795787866' />
  <node id='-146' action='modify' visible='true' lat='59.153904102384615' lon='17.6606616550879' />
  <node id='-144' action='modify' visible='true' lat='59.1539020021' lon='17.66068601094557' />
  <node id='-142' action='modify' visible='true' lat='59.153902657502506' lon='17.660709948134592' />
  <node id='-140' action='modify' visible='true' lat='59.15390606619822' lon='17.660737611003782' />
  <node id='-138' action='modify' visible='true' lat='59.153950433132714' lon='17.660648935684673' />
  <node id='-136' action='modify' visible='true' lat='59.15394714787211' lon='17.66066426006892' />
  <node id='-134' action='modify' visible='true' lat='59.153945947382475' lon='17.660679475591106' />
  <node id='-132' action='modify' visible='true' lat='59.153945702025794' lon='17.660697942051215' />
  <node id='-130' action='modify' visible='true' lat='59.15394695968713' lon='17.66071710128035' />
  <node id='-128' action='modify' visible='true' lat='59.15306630542471' lon='17.66097382806756' />
  <node id='-126' action='modify' visible='true' lat='59.1530613714271' lon='17.661089861576947' />
  <node id='-124' action='modify' visible='true' lat='59.153088925099944' lon='17.661199877021254' />
  <node id='-122' action='modify' visible='true' lat='59.15309675975436' lon='17.661025715456418' />
  <node id='-120' action='modify' visible='true' lat='59.15309976864361' lon='17.661103144867813' />
  <node id='-118' action='modify' visible='true' lat='59.15312309212248' lon='17.66116828303309' />
  <node id='-116' action='modify' visible='true' lat='59.153173934241536' lon='17.66119001495914' />
  <node id='-114' action='modify' visible='true' lat='59.15314986865186' lon='17.661249098813915' />
  <node id='-112' action='modify' visible='true' lat='59.15315613126529' lon='17.661126451349606' />
  <node id='-110' action='modify' visible='true' lat='59.15313758939401' lon='17.661110903922687' />
  <node id='-108' action='modify' visible='true' lat='59.15312611071243' lon='17.661073438124067' />
  <node id='-106' action='modify' visible='true' lat='59.153125489483244' lon='17.66102803016099' />
  <node id='-104' action='modify' visible='true' lat='59.153216890758415' lon='17.6608637881806' />
  <node id='-102' action='modify' visible='true' lat='59.15317260798516' lon='17.66084679316574' />
  <node id='-100' action='modify' visible='true' lat='59.153118768411694' lon='17.660862671778407' />
  <node id='-98' action='modify' visible='true' lat='59.153130891670024' lon='17.66093601968289' />
  <node id='-96' action='modify' visible='true' lat='59.153172904152996' lon='17.66092164381328' />
  <node id='-94' action='modify' visible='true' lat='59.153210080015626' lon='17.660953884195493' />
  <node id='-92' action='modify' visible='true' lat='59.15319047408716' lon='17.660996159959808' />
  <node id='-90' action='modify' visible='true' lat='59.15316211375913' lon='17.660976688342497' />
  <node id='-88' action='modify' visible='true' lat='59.15315681850026' lon='17.660978458050028' />
  <node id='-86' action='modify' visible='true' lat='59.153832582179234' lon='17.660599598030952' />
  <node id='-84' action='modify' visible='true' lat='59.15385426844717' lon='17.66064207282628' />
  <node id='-82' action='modify' visible='true' lat='59.15387778524323' lon='17.66066585436351' />
  <node id='-80' action='modify' visible='true' lat='59.153897087328325' lon='17.660671544403545' />
  <node id='-78' action='modify' visible='true' lat='59.15392002648061' lon='17.66066688017804' />
  <node id='-76' action='modify' visible='true' lat='59.15393553528094' lon='17.660654706975546' />
  <node id='-74' action='modify' visible='true' lat='59.153862232323284' lon='17.660552043891425' />
  <node id='-72' action='modify' visible='true' lat='59.15386888669788' lon='17.660568899216113' />
  <node id='-70' action='modify' visible='true' lat='59.153878961456556' lon='17.66058914676522' />
  <node id='-68' action='modify' visible='true' lat='59.15390080640369' lon='17.660607013320277' />
  <node id='-66' action='modify' visible='true' lat='59.15391058911969' lon='17.660608488417758' />
  <node id='-64' action='modify' visible='true' lat='59.153889883931846' lon='17.660599937606865' />
  <node id='-62' action='modify' visible='true' lat='59.153892742427125' lon='17.660501617172507' />
  <node id='-60' action='modify' visible='true' lat='59.153897881844806' lon='17.660508826278125' />
  <node id='-58' action='modify' visible='true' lat='59.15390100955072' lon='17.660511802479864' />
  <node id='-56' action='modify' visible='true' lat='59.15390586507536' lon='17.660513586049213' />
  <node id='-54' action='modify' visible='true' lat='59.153910868117954' lon='17.660515043058854' />
  <node id='-52' action='modify' visible='true' lat='59.153916209225486' lon='17.66051162522889' />
  <node id='-50' action='modify' visible='true' lat='59.15439361070231' lon='17.659742060957655' />
  <node id='-48' action='modify' visible='true' lat='59.15437746550074' lon='17.65972569016612' />
  <node id='-46' action='modify' visible='true' lat='59.154338854613925' lon='17.659712738130885' />
  <node id='-44' action='modify' visible='true' lat='59.15431998477502' lon='17.659721595035087' />
  <node id='-42' action='modify' visible='true' lat='59.15430263221896' lon='17.65973599148249' />
  <node id='-40' action='modify' visible='true' lat='59.154356790194306' lon='17.659715063581782' />
  <node id='-38' action='modify' visible='true' lat='59.154367252030404' lon='17.659788616625928' />
  <node id='-36' action='modify' visible='true' lat='59.15436066677937' lon='17.659783364260104' />
  <node id='-34' action='modify' visible='true' lat='59.1543561768824' lon='17.65977927863698' />
  <node id='-32' action='modify' visible='true' lat='59.154349250790546' lon='17.659777103888807' />
  <node id='-30' action='modify' visible='true' lat='59.154340766545616' lon='17.659776088761575' />
  <node id='-28' action='modify' visible='true' lat='59.15433083466375' lon='17.659776424768175' />
  <node id='-26' action='modify' visible='true' lat='59.15435385376682' lon='17.659849799917946' />
  <node id='-24' action='modify' visible='true' lat='59.15435178190227' lon='17.659847100911737' />
  <node id='-22' action='modify' visible='true' lat='59.15434789232927' lon='17.659844286162752' />
  <node id='-20' action='modify' visible='true' lat='59.1543449108732' lon='17.659843609260843' />
  <node id='-18' action='modify' visible='true' lat='59.15434193262806' lon='17.65984367779312' />
  <node id='-16' action='modify' visible='true' lat='59.1543383368999' lon='17.659846922300712' />
  <node id='-14' action='modify' visible='true' lat='59.15371185904352' lon='17.66009625175345' />
  <node id='-12' action='modify' visible='true' lat='59.15372282662577' lon='17.659993609700138' />
  <node id='-10' action='modify' visible='true' lat='59.15375490519367' lon='17.660053901383773' />
  <node id='-8' action='modify' visible='true' lat='59.15377719073366' lon='17.65995708657285' />
  <node id='-6' action='modify' visible='true' lat='59.153797730529924' lon='17.660023515442074' />
  <node id='-4' action='modify' visible='true' lat='59.15378954522504' lon='17.66006185500168' />
  <way id='-926' action='modify' visible='true'>
    <nd ref='-744' />
    <nd ref='-706' />
    <tag k='line_type' v='exterior' />
  </way>
  <way id='-924' action='modify' visible='true'>
    <nd ref='-748' />
    <nd ref='-322' />
    <tag k='line_type' v='interior' />
  </way>
  <way id='-922' action='modify' visible='true'>
    <nd ref='-752' />
    <nd ref='-750' />
  </way>
  <way id='-920' action='modify' visible='true'>
    <nd ref='-750' />
    <nd ref='-348' />
    <tag k='line_type' v='exterior' />
  </way>
  <way id='-918' action='modify' visible='true'>
    <nd ref='-746' />
    <nd ref='-748' />
    <tag k='line_type' v='interior' />
  </way>
  <way id='-916' action='modify' visible='true'>
    <nd ref='-742' />
    <nd ref='-744' />
    <tag k='line_type' v='exterior' />
  </way>
  <way id='-914' action='modify' visible='true'>
    <nd ref='-706' />
    <nd ref='-740' />
    <nd ref='-738' />
    <nd ref='-736' />
    <nd ref='-734' />
    <nd ref='-326' />
    <tag k='line_type' v='exterior' />
  </way>
  <way id='-912' action='modify' visible='true'>
    <nd ref='-500' />
    <nd ref='-728' />
    <nd ref='-12' />
    <nd ref='-726' />
    <nd ref='-14' />
    <nd ref='-704' />
  </way>
  <way id='-910' action='modify' visible='true'>
    <nd ref='-678' />
    <nd ref='-722' />
    <nd ref='-724' />
    <nd ref='-704' />
    <tag k='line_type' v='exterior' />
  </way>
  <way id='-908' action='modify' visible='true'>
    <nd ref='-706' />
    <nd ref='-708' />
    <nd ref='-716' />
    <nd ref='-710' />
    <nd ref='-452' />
  </way>
  <way id='-906' action='modify' visible='true'>
    <nd ref='-704' />
    <nd ref='-742' />
    <tag k='line_type' v='exterior' />
  </way>
  <way id='-904' action='modify' visible='true'>
    <nd ref='-348' />
    <nd ref='-688' />
    <nd ref='-690' />
    <nd ref='-682' />
  </way>
  <way id='-902' action='modify' visible='true'>
    <nd ref='-354' />
    <nd ref='-684' />
    <nd ref='-686' />
    <nd ref='-680' />
  </way>
  <way id='-900' action='modify' visible='true'>
    <nd ref='-682' />
    <nd ref='-502' />
    <nd ref='-456' />
    <tag k='line_type' v='exterior' />
  </way>
  <way id='-898' action='modify' visible='true'>
    <nd ref='-542' />
    <nd ref='-606' />
    <nd ref='-680' />
    <tag k='line_type' v='interior' />
  </way>
  <way id='-896' action='modify' visible='true'>
    <nd ref='-678' />
    <nd ref='-352' />
  </way>
  <way id='-894' action='modify' visible='true'>
    <nd ref='-534' />
    <nd ref='-676' />
    <nd ref='-718' />
    <nd ref='-712' />
    <nd ref='-322' />
  </way>
  <way id='-892' action='modify' visible='true'>
    <nd ref='-390' />
    <nd ref='-714' />
    <nd ref='-674' />
    <nd ref='-720' />
    <nd ref='-356' />
    <tag k='line_type' v='exterior' />
  </way>
  <way id='-890' action='modify' visible='true'>
    <nd ref='-326' />
    <nd ref='-400' />
    <tag k='line_type' v='exterior' />
  </way>
  <way id='-888' action='modify' visible='true'>
    <nd ref='-534' />
    <nd ref='-568' />
    <nd ref='-324' />
    <tag k='line_type' v='interior' />
  </way>
  <way id='-886' action='modify' visible='true'>
    <nd ref='-328' />
    <nd ref='-522' />
    <nd ref='-452' />
    <tag k='line_type' v='exterior' />
  </way>
  <way id='-884' action='modify' visible='true'>
    <nd ref='-500' />
    <nd ref='-682' />
    <tag k='line_type' v='exterior' />
  </way>
  <way id='-882' action='modify' visible='true'>
    <nd ref='-680' />
    <nd ref='-346' />
    <tag k='line_type' v='interior' />
  </way>
  <way id='-880' action='modify' visible='true'>
    <nd ref='-352' />
    <nd ref='-364' />
    <tag k='line_type' v='exterior' />
  </way>
  <way id='-878' action='modify' visible='true'>
    <nd ref='-664' />
    <nd ref='-104' />
    <nd ref='-662' />
    <nd ref='-102' />
    <nd ref='-660' />
    <nd ref='-100' />
    <nd ref='-658' />
    <tag k='line_type' v='exterior' />
  </way>
  <way id='-876' action='modify' visible='true'>
    <nd ref='-658' />
    <nd ref='-656' />
    <nd ref='-128' />
    <nd ref='-654' />
    <nd ref='-126' />
    <nd ref='-652' />
    <nd ref='-124' />
    <nd ref='-650' />
    <nd ref='-114' />
    <nd ref='-670' />
    <tag k='line_type' v='exterior' />
  </way>
  <way id='-874' action='modify' visible='true'>
    <nd ref='-668' />
    <nd ref='-286' />
    <nd ref='-666' />
    <nd ref='-288' />
    <nd ref='-284' />
    <nd ref='-672' />
    <tag k='line_type' v='exterior' />
  </way>
  <way id='-872' action='modify' visible='true'>
    <nd ref='-634' />
    <nd ref='-98' />
    <nd ref='-646' />
    <nd ref='-96' />
    <nd ref='-648' />
    <nd ref='-94' />
    <nd ref='-644' />
    <tag k='line_type' v='interior' />
  </way>
  <way id='-870' action='modify' visible='true'>
    <nd ref='-632' />
    <nd ref='-116' />
    <nd ref='-636' />
    <nd ref='-118' />
    <nd ref='-638' />
    <nd ref='-120' />
    <nd ref='-640' />
    <nd ref='-122' />
    <nd ref='-642' />
    <nd ref='-634' />
    <tag k='line_type' v='interior' />
  </way>
  <way id='-868' action='modify' visible='true'>
    <nd ref='-632' />
    <nd ref='-278' />
    <nd ref='-630' />
    <nd ref='-280' />
    <nd ref='-282' />
    <nd ref='-644' />
    <tag k='line_type' v='interior' />
  </way>
  <way id='-866' action='modify' visible='true'>
    <nd ref='-616' />
    <nd ref='-272' />
    <nd ref='-276' />
    <nd ref='-628' />
    <nd ref='-274' />
    <nd ref='-626' />
    <tag k='line_type' v='exterior' />
  </way>
  <way id='-864' action='modify' visible='true'>
    <nd ref='-626' />
    <nd ref='-618' />
    <nd ref='-112' />
    <nd ref='-620' />
    <nd ref='-110' />
    <nd ref='-622' />
    <nd ref='-108' />
    <nd ref='-624' />
    <nd ref='-106' />
    <nd ref='-610' />
    <tag k='line_type' v='exterior' />
  </way>
  <way id='-862' action='modify' visible='true'>
    <nd ref='-610' />
    <nd ref='-612' />
    <nd ref='-88' />
    <nd ref='-90' />
    <nd ref='-614' />
    <nd ref='-92' />
    <nd ref='-616' />
    <tag k='line_type' v='exterior' />
  </way>
  <way id='-860' action='modify' visible='true'>
    <nd ref='-346' />
    <nd ref='-528' />
    <tag k='line_type' v='interior' />
  </way>
  <way id='-858' action='modify' visible='true'>
    <nd ref='-540' />
    <nd ref='-604' />
    <nd ref='-602' />
    <nd ref='-600' />
    <nd ref='-598' />
    <nd ref='-596' />
    <nd ref='-594' />
    <nd ref='-592' />
    <nd ref='-294' />
    <nd ref='-308' />
    <nd ref='-694' />
    <nd ref='-306' />
    <nd ref='-296' />
    <nd ref='-542' />
    <tag k='line_type' v='interior' />
  </way>
  <way id='-856' action='modify' visible='true'>
    <nd ref='-644' />
    <nd ref='-590' />
    <nd ref='-540' />
    <tag k='line_type' v='interior' />
  </way>
  <way id='-854' action='modify' visible='true'>
    <nd ref='-538' />
    <nd ref='-588' />
    <nd ref='-586' />
    <nd ref='-584' />
    <nd ref='-582' />
    <nd ref='-580' />
    <nd ref='-578' />
    <nd ref='-632' />
    <tag k='line_type' v='interior' />
  </way>
  <way id='-852' action='modify' visible='true'>
    <nd ref='-536' />
    <nd ref='-576' />
    <nd ref='-262' />
    <nd ref='-574' />
    <nd ref='-270' />
    <nd ref='-572' />
    <nd ref='-256' />
    <nd ref='-570' />
    <nd ref='-538' />
    <tag k='line_type' v='interior' />
  </way>
  <way id='-850' action='modify' visible='true'>
    <nd ref='-324' />
    <nd ref='-536' />
    <tag k='line_type' v='interior' />
  </way>
  <way id='-848' action='modify' visible='true'>
    <nd ref='-532' />
    <nd ref='-700' />
    <nd ref='-566' />
    <nd ref='-564' />
    <nd ref='-562' />
    <nd ref='-560' />
    <nd ref='-340' />
    <nd ref='-534' />
    <tag k='line_type' v='interior' />
  </way>
  <way id='-846' action='modify' visible='true'>
    <nd ref='-530' />
    <nd ref='-558' />
    <nd ref='-556' />
    <nd ref='-532' />
    <tag k='line_type' v='interior' />
  </way>
  <way id='-844' action='modify' visible='true'>
    <nd ref='-198' />
    <nd ref='-186' />
    <nd ref='-232' />
    <nd ref='-220' />
    <nd ref='-554' />
    <nd ref='-226' />
    <nd ref='-552' />
    <nd ref='-550' />
    <nd ref='-548' />
    <nd ref='-530' />
    <tag k='line_type' v='interior' />
  </way>
  <way id='-842' action='modify' visible='true'>
    <nd ref='-528' />
    <nd ref='-244' />
    <nd ref='-360' />
    <nd ref='-238' />
    <nd ref='-250' />
    <nd ref='-546' />
    <nd ref='-544' />
    <nd ref='-526' />
    <tag k='line_type' v='interior' />
  </way>
  <way id='-840' action='modify' visible='true'>
    <nd ref='-458' />
    <nd ref='-524' />
    <nd ref='-664' />
    <tag k='line_type' v='exterior' />
  </way>
  <way id='-838' action='modify' visible='true'>
    <nd ref='-448' />
    <nd ref='-328' />
    <tag k='line_type' v='exterior' />
  </way>
  <way id='-836' action='modify' visible='true'>
    <nd ref='-454' />
    <nd ref='-518' />
    <nd ref='-520' />
    <nd ref='-444' />
    <tag k='line_type' v='exterior' />
  </way>
  <way id='-834' action='modify' visible='true'>
    <nd ref='-456' />
    <nd ref='-300' />
    <nd ref='-312' />
    <nd ref='-692' />
    <nd ref='-298' />
    <nd ref='-310' />
    <nd ref='-504' />
    <nd ref='-506' />
    <nd ref='-508' />
    <nd ref='-510' />
    <nd ref='-512' />
    <nd ref='-514' />
    <nd ref='-516' />
    <nd ref='-458' />
    <tag k='line_type' v='exterior' />
  </way>
  <way id='-832' action='modify' visible='true'>
    <nd ref='-450' />
    <nd ref='-500' />
    <tag k='line_type' v='exterior' />
  </way>
  <way id='-830' action='modify' visible='true'>
    <nd ref='-670' />
    <nd ref='-488' />
    <nd ref='-490' />
    <nd ref='-492' />
    <nd ref='-494' />
    <nd ref='-496' />
    <nd ref='-498' />
    <nd ref='-446' />
    <tag k='line_type' v='exterior' />
  </way>
  <way id='-828' action='modify' visible='true'>
    <nd ref='-452' />
    <nd ref='-338' />
    <nd ref='-480' />
    <nd ref='-482' />
    <nd ref='-484' />
    <nd ref='-486' />
    <nd ref='-698' />
    <nd ref='-454' />
    <tag k='line_type' v='exterior' />
  </way>
  <way id='-826' action='modify' visible='true'>
    <nd ref='-214' />
    <nd ref='-476' />
    <nd ref='-478' />
    <nd ref='-252' />
    <nd ref='-240' />
    <nd ref='-362' />
    <nd ref='-246' />
    <nd ref='-450' />
    <tag k='line_type' v='exterior' />
  </way>
  <way id='-824' action='modify' visible='true'>
    <nd ref='-446' />
    <nd ref='-468' />
    <nd ref='-258' />
    <nd ref='-470' />
    <nd ref='-268' />
    <nd ref='-472' />
    <nd ref='-260' />
    <nd ref='-474' />
    <nd ref='-448' />
    <tag k='line_type' v='exterior' />
  </way>
  <way id='-822' action='modify' visible='true'>
    <nd ref='-444' />
    <nd ref='-460' />
    <nd ref='-462' />
    <nd ref='-464' />
    <nd ref='-228' />
    <nd ref='-466' />
    <nd ref='-222' />
    <nd ref='-234' />
    <nd ref='-188' />
    <nd ref='-200' />
    <tag k='line_type' v='exterior' />
  </way>
  <way id='-820' action='modify' visible='true'>
    <nd ref='-426' />
    <nd ref='-442' />
    <nd ref='-440' />
    <nd ref='-438' />
    <nd ref='-436' />
    <nd ref='-434' />
    <nd ref='-432' />
    <nd ref='-430' />
    <nd ref='-302' />
    <nd ref='-290' />
    <nd ref='-696' />
    <nd ref='-292' />
    <nd ref='-304' />
    <nd ref='-368' />
    <tag k='line_type' v='exterior' />
  </way>
  <way id='-818' action='modify' visible='true'>
    <nd ref='-672' />
    <nd ref='-428' />
    <nd ref='-426' />
    <tag k='line_type' v='exterior' />
  </way>
  <way id='-816' action='modify' visible='true'>
    <nd ref='-404' />
    <nd ref='-424' />
    <nd ref='-422' />
    <nd ref='-420' />
    <nd ref='-418' />
    <nd ref='-416' />
    <nd ref='-414' />
    <nd ref='-668' />
    <tag k='line_type' v='exterior' />
  </way>
  <way id='-814' action='modify' visible='true'>
    <nd ref='-400' />
    <nd ref='-412' />
    <nd ref='-264' />
    <nd ref='-410' />
    <nd ref='-266' />
    <nd ref='-408' />
    <nd ref='-254' />
    <nd ref='-406' />
    <nd ref='-404' />
    <tag k='line_type' v='exterior' />
  </way>
  <way id='-812' action='modify' visible='true'>
    <nd ref='-390' />
    <nd ref='-402' />
    <nd ref='-326' />
  </way>
  <way id='-810' action='modify' visible='true'>
    <nd ref='-384' />
    <nd ref='-702' />
    <nd ref='-398' />
    <nd ref='-396' />
    <nd ref='-394' />
    <nd ref='-392' />
    <nd ref='-342' />
    <nd ref='-390' />
    <tag k='line_type' v='exterior' />
  </way>
  <way id='-808' action='modify' visible='true'>
    <nd ref='-374' />
    <nd ref='-388' />
    <nd ref='-386' />
    <nd ref='-384' />
    <tag k='line_type' v='exterior' />
  </way>
  <way id='-806' action='modify' visible='true'>
    <nd ref='-194' />
    <nd ref='-184' />
    <nd ref='-230' />
    <nd ref='-218' />
    <nd ref='-382' />
    <nd ref='-224' />
    <nd ref='-380' />
    <nd ref='-378' />
    <nd ref='-376' />
    <nd ref='-374' />
    <tag k='line_type' v='exterior' />
  </way>
  <way id='-804' action='modify' visible='true'>
    <nd ref='-364' />
    <nd ref='-242' />
    <nd ref='-358' />
    <nd ref='-236' />
    <nd ref='-248' />
    <nd ref='-372' />
    <nd ref='-370' />
    <nd ref='-216' />
    <tag k='line_type' v='exterior' />
  </way>
  <way id='-802' action='modify' visible='true'>
    <nd ref='-368' />
    <nd ref='-366' />
    <nd ref='-678' />
    <tag k='line_type' v='exterior' />
  </way>
  <way id='-800' action='modify' visible='true'>
    <nd ref='-356' />
    <nd ref='-752' />
    <tag k='line_type' v='exterior' />
  </way>
  <way id='-798' action='modify' visible='true'>
    <nd ref='-354' />
    <nd ref='-746' />
    <tag k='line_type' v='interior' />
  </way>
  <way id='-796' action='modify' visible='true'>
    <nd ref='-348' />
    <nd ref='-4' />
    <nd ref='-350' />
    <nd ref='-6' />
    <nd ref='-732' />
    <nd ref='-352' />
    <tag k='line_type' v='exterior' />
  </way>
  <way id='-794' action='modify' visible='true'>
    <nd ref='-354' />
    <nd ref='-10' />
    <nd ref='-344' />
    <nd ref='-730' />
    <nd ref='-8' />
    <nd ref='-346' />
  </way>
  <way id='-792' action='modify' visible='true'>
    <nd ref='-328' />
    <nd ref='-330' />
    <nd ref='-332' />
    <nd ref='-334' />
    <nd ref='-336' />
    <nd ref='-356' />
  </way>
  <way id='-790' action='modify' visible='true'>
    <nd ref='-324' />
    <nd ref='-320' />
    <nd ref='-318' />
    <nd ref='-316' />
    <nd ref='-314' />
    <nd ref='-322' />
  </way>
  <way id='-788' action='modify' visible='true'>
    <nd ref='-210' />
    <nd ref='-212' />
    <tag k='line_type' v='exterior' />
  </way>
  <way id='-786' action='modify' visible='true'>
    <nd ref='-206' />
    <nd ref='-208' />
    <tag k='line_type' v='interior' />
  </way>
  <way id='-784' action='modify' visible='true'>
    <nd ref='-204' />
    <nd ref='-202' />
    <tag k='line_type' v='exterior' />
  </way>
  <way id='-782' action='modify' visible='true'>
    <nd ref='-200' />
    <nd ref='-190' />
    <nd ref='-214' />
    <tag k='line_type' v='exterior' />
  </way>
  <way id='-780' action='modify' visible='true'>
    <nd ref='-526' />
    <nd ref='-196' />
    <nd ref='-198' />
    <tag k='line_type' v='interior' />
  </way>
  <way id='-778' action='modify' visible='true'>
    <nd ref='-216' />
    <nd ref='-192' />
    <nd ref='-194' />
  </way>
  <way id='-776' action='modify' visible='true'>
    <nd ref='-216' />
    <nd ref='-182' />
    <nd ref='-180' />
    <nd ref='-178' />
    <nd ref='-160' />
    <nd ref='-210' />
    <tag k='line_type' v='exterior' />
  </way>
  <way id='-774' action='modify' visible='true'>
    <nd ref='-526' />
    <nd ref='-176' />
    <nd ref='-174' />
    <nd ref='-172' />
    <nd ref='-162' />
    <nd ref='-206' />
  </way>
  <way id='-772' action='modify' visible='true'>
    <nd ref='-202' />
    <nd ref='-164' />
    <nd ref='-166' />
    <nd ref='-168' />
    <nd ref='-170' />
    <nd ref='-214' />
  </way>
  <way id='-770' action='modify' visible='true'>
    <nd ref='-752' />
    <nd ref='-130' />
    <nd ref='-132' />
    <nd ref='-134' />
    <nd ref='-136' />
    <nd ref='-138' />
    <nd ref='-204' />
    <tag k='line_type' v='exterior' />
  </way>
  <way id='-768' action='modify' visible='true'>
    <nd ref='-208' />
    <nd ref='-148' />
    <nd ref='-146' />
    <nd ref='-144' />
    <nd ref='-142' />
    <nd ref='-140' />
    <nd ref='-748' />
  </way>
  <way id='-766' action='modify' visible='true'>
    <nd ref='-212' />
    <nd ref='-158' />
    <nd ref='-156' />
    <nd ref='-154' />
    <nd ref='-152' />
    <nd ref='-150' />
    <nd ref='-744' />
  </way>
  <way id='-764' action='modify' visible='true'>
    <nd ref='-212' />
    <nd ref='-52' />
    <nd ref='-54' />
    <nd ref='-56' />
    <nd ref='-58' />
    <nd ref='-60' />
    <nd ref='-62' />
    <nd ref='-750' />
    <tag k='line_type' v='exterior' />
  </way>
  <way id='-762' action='modify' visible='true'>
    <nd ref='-208' />
    <nd ref='-66' />
    <nd ref='-68' />
    <nd ref='-64' />
    <nd ref='-70' />
    <nd ref='-72' />
    <nd ref='-74' />
    <nd ref='-746' />
  </way>
  <way id='-760' action='modify' visible='true'>
    <nd ref='-742' />
    <nd ref='-86' />
    <nd ref='-84' />
    <nd ref='-82' />
    <nd ref='-80' />
    <nd ref='-78' />
    <nd ref='-76' />
    <nd ref='-204' />
  </way>
  <way id='-758' action='modify' visible='true'>
    <nd ref='-202' />
    <nd ref='-16' />
    <nd ref='-18' />
    <nd ref='-20' />
    <nd ref='-22' />
    <nd ref='-24' />
    <nd ref='-26' />
    <nd ref='-194' />
    <tag k='line_type' v='exterior' />
  </way>
  <way id='-756' action='modify' visible='true'>
    <nd ref='-198' />
    <nd ref='-38' />
    <nd ref='-36' />
    <nd ref='-34' />
    <nd ref='-32' />
    <nd ref='-30' />
    <nd ref='-28' />
    <nd ref='-206' />
  </way>
  <way id='-754' action='modify' visible='true'>
    <nd ref='-200' />
    <nd ref='-50' />
    <nd ref='-48' />
    <nd ref='-40' />
    <nd ref='-46' />
    <nd ref='-44' />
    <nd ref='-42' />
    <nd ref='-210' />
  </way>
  <relation id='-1042' action='modify' visible='true'>
    <member type='way' ref='-918' role='left_lane_marking' />
    <member type='way' ref='-916' role='right_lane_marking' />
    <tag k='type' v='lanelet' />
  </relation>
  <relation id='-1040' action='modify' visible='true'>
    <member type='way' ref='-918' role='left_lane_marking' />
    <member type='way' ref='-922' role='right_lane_marking' />
    <tag k='type' v='lanelet' />
  </relation>
  <relation id='-1038' action='modify' visible='true'>
    <member type='way' ref='-924' role='left_lane_marking' />
    <member type='way' ref='-926' role='right_lane_marking' />
    <tag k='type' v='lanelet' />
  </relation>
  <relation id='-1036' action='modify' visible='true'>
    <member type='way' ref='-924' role='left_lane_marking' />
    <member type='way' ref='-800' role='right_lane_marking' />
    <tag k='type' v='lanelet' />
  </relation>
  <relation id='-1034' action='modify' visible='true'>
    <member type='way' ref='-798' role='left_lane_marking' />
    <member type='way' ref='-906' role='right_lane_marking' />
    <tag k='type' v='lanelet' />
  </relation>
  <relation id='-1032' action='modify' visible='true'>
    <member type='way' ref='-790' role='left_lane_marking' />
    <member type='way' ref='-914' role='right_lane_marking' />
    <tag k='type' v='lanelet' />
  </relation>
  <relation id='-1030' action='modify' visible='true'>
    <member type='way' ref='-794' role='left_lane_marking' />
    <member type='way' ref='-912' role='right_lane_marking' />
    <tag k='type' v='lanelet' />
  </relation>
  <relation id='-1028' action='modify' visible='true'>
    <member type='way' ref='-902' role='left_lane_marking' />
    <member type='way' ref='-910' role='right_lane_marking' />
    <tag k='type' v='lanelet' />
  </relation>
  <relation id='-1026' action='modify' visible='true'>
    <member type='way' ref='-894' role='left_lane_marking' />
    <member type='way' ref='-908' role='right_lane_marking' />
    <tag k='type' v='lanelet' />
  </relation>
  <relation id='-1024' action='modify' visible='true'>
    <member type='way' ref='-902' role='left_lane_marking' />
    <member type='way' ref='-904' role='right_lane_marking' />
    <tag k='type' v='lanelet' />
  </relation>
  <relation id='-1022' action='modify' visible='true'>
    <member type='way' ref='-882' role='left_lane_marking' />
    <member type='way' ref='-884' role='right_lane_marking' />
    <tag k='type' v='lanelet' />
  </relation>
  <relation id='-1020' action='modify' visible='true'>
    <member type='way' ref='-882' role='left_lane_marking' />
    <member type='way' ref='-896' role='right_lane_marking' />
    <tag k='type' v='lanelet' />
  </relation>
  <relation id='-1018' action='modify' visible='true'>
    <member type='way' ref='-894' role='left_lane_marking' />
    <member type='way' ref='-892' role='right_lane_marking' />
    <tag k='type' v='lanelet' />
  </relation>
  <relation id='-1016' action='modify' visible='true'>
    <member type='way' ref='-850' role='left_lane_marking' />
    <member type='way' ref='-838' role='right_lane_marking' />
    <tag k='type' v='lanelet' />
  </relation>
  <relation id='-1014' action='modify' visible='true'>
    <member type='way' ref='-850' role='left_lane_marking' />
    <member type='way' ref='-890' role='right_lane_marking' />
    <tag k='type' v='lanelet' />
  </relation>
  <relation id='-1012' action='modify' visible='true'>
    <member type='way' ref='-888' role='left_lane_marking' />
    <member type='way' ref='-886' role='right_lane_marking' />
    <tag k='type' v='lanelet' />
  </relation>
  <relation id='-1010' action='modify' visible='true'>
    <member type='way' ref='-888' role='left_lane_marking' />
    <member type='way' ref='-812' role='right_lane_marking' />
    <tag k='type' v='lanelet' />
  </relation>
  <relation id='-1008' action='modify' visible='true'>
    <member type='way' ref='-898' role='left_lane_marking' />
    <member type='way' ref='-900' role='right_lane_marking' />
    <tag k='type' v='lanelet' />
  </relation>
  <relation id='-1006' action='modify' visible='true'>
    <member type='way' ref='-898' role='left_lane_marking' />
    <member type='way' ref='-802' role='right_lane_marking' />
    <tag k='type' v='lanelet' />
  </relation>
  <relation id='-1004' action='modify' visible='true'>
    <member type='way' ref='-860' role='left_lane_marking' />
    <member type='way' ref='-832' role='right_lane_marking' />
    <tag k='type' v='lanelet' />
  </relation>
  <relation id='-1002' action='modify' visible='true'>
    <member type='way' ref='-860' role='left_lane_marking' />
    <member type='way' ref='-880' role='right_lane_marking' />
    <tag k='type' v='lanelet' />
  </relation>
  <relation id='-1000' action='modify' visible='true'>
    <member type='way' ref='-870' role='left_lane_marking' />
    <member type='way' ref='-876' role='right_lane_marking' />
    <tag k='type' v='lanelet' />
  </relation>
  <relation id='-998' action='modify' visible='true'>
    <member type='way' ref='-870' role='left_lane_marking' />
    <member type='way' ref='-864' role='right_lane_marking' />
    <tag k='type' v='lanelet' />
  </relation>
  <relation id='-996' action='modify' visible='true'>
    <member type='way' ref='-868' role='left_lane_marking' />
    <member type='way' ref='-866' role='right_lane_marking' />
    <tag k='type' v='lanelet' />
  </relation>
  <relation id='-994' action='modify' visible='true'>
    <member type='way' ref='-874' role='right_lane_marking' />
    <member type='way' ref='-868' role='left_lane_marking' />
    <tag k='type' v='lanelet' />
  </relation>
  <relation id='-992' action='modify' visible='true'>
    <member type='way' ref='-872' role='left_lane_marking' />
    <member type='way' ref='-862' role='right_lane_marking' />
    <tag k='type' v='lanelet' />
  </relation>
  <relation id='-990' action='modify' visible='true'>
    <member type='way' ref='-872' role='left_lane_marking' />
    <member type='way' ref='-878' role='right_lane_marking' />
    <tag k='type' v='lanelet' />
  </relation>
  <relation id='-988' action='modify' visible='true'>
    <member type='way' ref='-852' role='left_lane_marking' />
    <member type='way' ref='-824' role='right_lane_marking' />
    <tag k='type' v='lanelet' />
  </relation>
  <relation id='-986' action='modify' visible='true'>
    <member type='way' ref='-854' role='left_lane_marking' />
    <member type='way' ref='-830' role='right_lane_marking' />
    <tag k='type' v='lanelet' />
  </relation>
  <relation id='-984' action='modify' visible='true'>
    <member type='way' ref='-856' role='left_lane_marking' />
    <member type='way' ref='-840' role='right_lane_marking' />
    <tag k='type' v='lanelet' />
  </relation>
  <relation id='-982' action='modify' visible='true'>
    <member type='way' ref='-858' role='left_lane_marking' />
    <member type='way' ref='-834' role='right_lane_marking' />
    <tag k='type' v='lanelet' />
  </relation>
  <relation id='-980' action='modify' visible='true'>
    <member type='way' ref='-842' role='left_lane_marking' />
    <member type='way' ref='-826' role='right_lane_marking' />
    <tag k='type' v='lanelet' />
  </relation>
  <relation id='-978' action='modify' visible='true'>
    <member type='way' ref='-844' role='left_lane_marking' />
    <member type='way' ref='-822' role='right_lane_marking' />
    <tag k='type' v='lanelet' />
  </relation>
  <relation id='-976' action='modify' visible='true'>
    <member type='way' ref='-846' role='left_lane_marking' />
    <member type='way' ref='-836' role='right_lane_marking' />
    <tag k='type' v='lanelet' />
  </relation>
  <relation id='-974' action='modify' visible='true'>
    <member type='way' ref='-848' role='left_lane_marking' />
    <member type='way' ref='-828' role='right_lane_marking' />
    <tag k='type' v='lanelet' />
  </relation>
  <relation id='-972' action='modify' visible='true'>
    <member type='way' ref='-846' role='left_lane_marking' />
    <member type='way' ref='-808' role='right_lane_marking' />
    <tag k='type' v='lanelet' />
  </relation>
  <relation id='-970' action='modify' visible='true'>
    <member type='way' ref='-844' role='left_lane_marking' />
    <member type='way' ref='-806' role='right_lane_marking' />
    <tag k='type' v='lanelet' />
  </relation>
  <relation id='-968' action='modify' visible='true'>
    <member type='way' ref='-842' role='left_lane_marking' />
    <member type='way' ref='-804' role='right_lane_marking' />
    <tag k='type' v='lanelet' />
  </relation>
  <relation id='-966' action='modify' visible='true'>
    <member type='way' ref='-858' role='left_lane_marking' />
    <member type='way' ref='-820' role='right_lane_marking' />
    <tag k='type' v='lanelet' />
  </relation>
  <relation id='-964' action='modify' visible='true'>
    <member type='way' ref='-856' role='left_lane_marking' />
    <member type='way' ref='-818' role='right_lane_marking' />
    <tag k='type' v='lanelet' />
  </relation>
  <relation id='-962' action='modify' visible='true'>
    <member type='way' ref='-854' role='left_lane_marking' />
    <member type='way' ref='-816' role='right_lane_marking' />
    <tag k='type' v='lanelet' />
  </relation>
  <relation id='-960' action='modify' visible='true'>
    <member type='way' ref='-852' role='left_lane_marking' />
    <member type='way' ref='-814' role='right_lane_marking' />
    <tag k='type' v='lanelet' />
  </relation>
  <relation id='-958' action='modify' visible='true'>
    <member type='way' ref='-848' role='left_lane_marking' />
    <member type='way' ref='-810' role='right_lane_marking' />
    <tag k='type' v='lanelet' />
  </relation>
  <relation id='-956' action='modify' visible='true'>
    <member type='way' ref='-798' role='left_lane_marking' />
    <member type='way' ref='-920' role='right_lane_marking' />
    <tag k='type' v='lanelet' />
  </relation>
  <relation id='-954' action='modify' visible='true'>
    <member type='way' ref='-794' role='left_lane_marking' />
    <member type='way' ref='-796' role='right_lane_marking' />
    <tag k='type' v='lanelet' />
  </relation>
  <relation id='-952' action='modify' visible='true'>
    <member type='way' ref='-792' role='right_lane_marking' />
    <member type='way' ref='-790' role='left_lane_marking' />
    <tag k='type' v='lanelet' />
  </relation>
  <relation id='-950' action='modify' visible='true'>
    <member type='way' ref='-786' role='left_lane_marking' />
    <member type='way' ref='-784' role='right_lane_marking' />
    <tag k='type' v='lanelet' />
  </relation>
  <relation id='-948' action='modify' visible='true'>
    <member type='way' ref='-768' role='left_lane_marking' />
    <member type='way' ref='-770' role='right_lane_marking' />
    <tag k='type' v='lanelet' />
  </relation>
  <relation id='-946' action='modify' visible='true'>
    <member type='way' ref='-774' role='left_lane_marking' />
    <member type='way' ref='-772' role='right_lane_marking' />
    <tag k='type' v='lanelet' />
  </relation>
  <relation id='-944' action='modify' visible='true'>
    <member type='way' ref='-786' role='left_lane_marking' />
    <member type='way' ref='-788' role='right_lane_marking' />
    <tag k='type' v='lanelet' />
  </relation>
  <relation id='-942' action='modify' visible='true'>
    <member type='way' ref='-762' role='left_lane_marking' />
    <member type='way' ref='-764' role='right_lane_marking' />
    <tag k='type' v='lanelet' />
  </relation>
  <relation id='-940' action='modify' visible='true'>
    <member type='way' ref='-762' role='left_lane_marking' />
    <member type='way' ref='-760' role='right_lane_marking' />
    <tag k='type' v='lanelet' />
  </relation>
  <relation id='-938' action='modify' visible='true'>
    <member type='way' ref='-768' role='left_lane_marking' />
    <member type='way' ref='-766' role='right_lane_marking' />
    <tag k='type' v='lanelet' />
  </relation>
  <relation id='-936' action='modify' visible='true'>
    <member type='way' ref='-774' role='left_lane_marking' />
    <member type='way' ref='-776' role='right_lane_marking' />
    <tag k='type' v='lanelet' />
  </relation>
  <relation id='-934' action='modify' visible='true'>
    <member type='way' ref='-756' role='left_lane_marking' />
    <member type='way' ref='-758' role='right_lane_marking' />
    <tag k='type' v='lanelet' />
  </relation>
  <relation id='-932' action='modify' visible='true'>
    <member type='way' ref='-756' role='left_lane_marking' />
    <member type='way' ref='-754' role='right_lane_marking' />
    <tag k='type' v='lanelet' />
  </relation>
  <relation id='-930' action='modify' visible='true'>
    <member type='way' ref='-780' role='left_lane_marking' />
    <member type='way' ref='-782' role='right_lane_marking' />
    <tag k='type' v='lanelet' />
  </relation>
  <relation id='-928' action='modify' visible='true'>
    <member type='way' ref='-780' role='left_lane_marking' />
    <member type='way' ref='-778' role='right_lane_marking' />
    <tag k='type' v='lanelet' />
  </relation>
</osm>
